areas_uso_arrendamientos	AREAS_PRIVATIVAS
areas_uso_arrendamientos	AREAS_PRIVATIVAS_HAS_CUOTAS
areas_uso_arrendamientos	AREAS_PRIVATIVAS_HAS_DCAT_USO_SUELO
areas_uso_arrendamientos	AREAS_PRIVATIVAS_IMAGENES
areas_uso_arrendamientos	ARRENDAMIENTOS
areas_uso_arrendamientos	CAT_GRUPOS_COBRO
areas_uso_arrendamientos	CAT_MODULOS
areas_uso_arrendamientos	DCAT_CALLES
areas_uso_arrendamientos	DCAT_CATEGORIAS_COMERCIAL
areas_uso_arrendamientos	DCAT_CLASES_COMERCIOS
areas_uso_arrendamientos	DCAT_GIROS
areas_uso_arrendamientos	DCAT_SUBCATEGORIAS_COMERCIAL
areas_uso_arrendamientos	DCAT_SUBZONAS
areas_uso_arrendamientos	DCAT_USO_SUELO
areas_uso_arrendamientos	DCAT_USO_SUELO_HISTORICO
areas_uso_arrendamientos	DCAT_ZONAS
areas_uso_arrendamientos	DIRECTORIO
areas_uso_arrendamientos	DIRECTORIO_HAS_ASIGNACIONES
areas_uso_arrendamientos	DIRECTORIO_HAS_COMERCIOS
areas_uso_arrendamientos	HISTORICO_PAGOS
areas_uso_arrendamientos	HISTORICO_PAGOS_DETALLE
areas_uso_arrendamientos	HISTORICO_PAGOS_HAS_PAGOS
areas_uso_arrendamientos	PAGOS
areas_uso_arrendamientos	PROYECTOS
areas_uso_arrendamientos	ROLES_CONDOMINAL
auth_roles_permisos	CAT_MODULOS
auth_roles_permisos	DIRECTORIO
auth_roles_permisos	DIRECTORIO_HAS_ASIGNACIONES
auth_roles_permisos	DIRECTORIO_HAS_COMERCIOS
auth_roles_permisos	PROYECTOS
auth_roles_permisos	ROLES_CONDOMINAL
auth_roles_permisos	ROLES_CONDOMINAL_HAS_CAT_MODULOS
convocatorias	AREAS_PRIVATIVAS
convocatorias	ASISTENCIAS_CONVOCATORIA
convocatorias	CAT_GRUPO_PUESTOS
convocatorias	CAT_LLAMAR_A
convocatorias	CAT_PUESTOS
convocatorias	CAT_SUBTIPOS_CONVOCATORIAS
convocatorias	CAT_TIPOS_CONVOCATORIAS
convocatorias	CAT_TIPOS_TEMAS
convocatorias	CONVOCADOS
convocatorias	CONVOCATORIAS
convocatorias	CONVOCATORIAS_FECHAS
convocatorias	CONVOCATORIAS_HAS_INVITADOS_ESPECIALES
convocatorias	CONVOCATORIAS_INVITADOS
convocatorias	DCAT_TIPOS_FECHAS_CONVOCATORIAS
convocatorias	DCAT_ZONAS
convocatorias	DIRECTORIO
convocatorias	DIRECTORIO_HAS_ASIGNACIONES
convocatorias	DIRECTORIO_HAS_CAT_PUESTOS
convocatorias	INVITADOS_ESPECIALES
convocatorias	PROYECTOS
convocatorias	ROLES_CONDOMINAL
convocatorias	TAREAS
convocatorias	TAREAS_ASIGNACIONES
convocatorias	TEMAS
convocatorias	VOTACIONES_CONVOCATORIAS
cuotas_y_cobros	AREAS_PRIVATIVAS
cuotas_y_cobros	AREAS_PRIVATIVAS_HAS_DCAT_USO_SUELO
cuotas_y_cobros	ARRENDAMIENTOS
cuotas_y_cobros	CAT_FORMAS_PAGO
cuotas_y_cobros	CAT_GRUPOS_COBRO
cuotas_y_cobros	CAT_SANCIONES
cuotas_y_cobros	DCAT_USO_SUELO
cuotas_y_cobros	DCAT_USO_SUELO_HISTORICO
cuotas_y_cobros	DCAT_VARIOS
cuotas_y_cobros	DCAT_ZONAS
cuotas_y_cobros	DIRECTORIO
cuotas_y_cobros	DIRECTORIO_HAS_ASIGNACIONES
cuotas_y_cobros	DIRECTORIO_HAS_COMERCIOS
cuotas_y_cobros	HISTORICO_PAGOS
cuotas_y_cobros	HISTORICO_PAGOS_DETALLE
cuotas_y_cobros	HISTORICO_PAGOS_HAS_PAGOS
cuotas_y_cobros	INGRESOS
cuotas_y_cobros	PAGOS
cuotas_y_cobros	PROYECTOS
directorio	AREAS_PRIVATIVAS
directorio	CONTACTOS
directorio	DIRECTORIO
directorio	DIRECTORIO_HAS_ASIGNACIONES
directorio	DIRECTORIO_HAS_COMERCIOS
directorio	PROYECTOS
directorio	ROLES_CONDOMINAL
documentos_proyectos_reportes	AREAS_PRIVATIVAS
documentos_proyectos_reportes	AREAS_PRIVATIVAS_HAS_CUOTAS
documentos_proyectos_reportes	AREAS_PRIVATIVAS_HAS_DCAT_USO_SUELO
documentos_proyectos_reportes	ARRENDAMIENTOS
documentos_proyectos_reportes	CAT_FORMAS_PAGO
documentos_proyectos_reportes	CAT_GRUPOS_COBRO
documentos_proyectos_reportes	CAT_SANCIONES
documentos_proyectos_reportes	DCAT_USO_SUELO
documentos_proyectos_reportes	DCAT_USO_SUELO_HISTORICO
documentos_proyectos_reportes	DCAT_ZONAS
documentos_proyectos_reportes	DIRECTORIO
documentos_proyectos_reportes	DIRECTORIO_HAS_ASIGNACIONES
documentos_proyectos_reportes	HISTORICO_PAGOS
documentos_proyectos_reportes	HISTORICO_PAGOS_DETALLE
documentos_proyectos_reportes	HISTORICO_PAGOS_HAS_PAGOS
documentos_proyectos_reportes	PAGOS
documentos_proyectos_reportes	PROYECTOS
documentos_proyectos_reportes	PROYECTOS_DOCUMENTOS
documentos_proyectos_reportes	ROLES_CONDOMINAL
egresos	CAT_CONCEPTOS_PRESUPUESTO
egresos	CAT_FORMAS_PAGO
egresos	CAT_GRUPOS_COBRO
egresos	CAT_GRUPOS_PRESUPUESTO
egresos	DCAT_CATEGORIAS_GASTOS
egresos	GASTOS
egresos	PRESUPUESTO
estructura_roles	CAT_GRUPO_PUESTOS
estructura_roles	CAT_MODULOS
estructura_roles	CAT_PUESTOS
estructura_roles	DIRECTORIO
estructura_roles	DIRECTORIO_HAS_CAT_PUESTOS
estructura_roles	ROLES_CONDOMINAL
estructura_roles	ROLES_CONDOMINAL_HAS_CAT_MODULOS
ingresos	AREAS_PRIVATIVAS
ingresos	CAT_FORMAS_PAGO
ingresos	CAT_GRUPOS_COBRO
ingresos	DCAT_VARIOS
ingresos	INGRESOS
presupuestos	CAT_CONCEPTOS_PRESUPUESTO
presupuestos	CAT_GRUPOS_COBRO
presupuestos	CAT_GRUPOS_PRESUPUESTO
presupuestos	CAT_TIPOS_CONCEPTO
presupuestos	GASTOS
presupuestos	PRESUPUESTO
presupuestos	PRESUPUESTO_DETALLE
presupuestos	PRESUPUESTO_MES
presupuestos	PRESUPUESTO_MES_CERRADO
presupuestos	PROYECTOS
resumenes_financieros	AREAS_PRIVATIVAS
resumenes_financieros	AREAS_PRIVATIVAS_HAS_DCAT_USO_SUELO
resumenes_financieros	CAT_CONCEPTOS_PRESUPUESTO
resumenes_financieros	CAT_GRUPOS_COBRO
resumenes_financieros	CAT_GRUPOS_PRESUPUESTO
resumenes_financieros	DCAT_USO_SUELO
resumenes_financieros	DCAT_VARIOS
resumenes_financieros	DCAT_ZONAS
resumenes_financieros	GASTOS
resumenes_financieros	HISTORICO_PAGOS
resumenes_financieros	HISTORICO_PAGOS_DETALLE
resumenes_financieros	INGRESOS
resumenes_financieros	PAGOS
resumenes_financieros	PRESUPUESTO
resumenes_financieros	PRESUPUESTO_DETALLE
resumenes_financieros	PRESUPUESTO_MES
resumenes_financieros	PROYECTOS
resumenes_financieros	RESUMEN_FINANCIERO
tickets_notificaciones_tareas	CAT_TIPOS_NOTIFICACIONES
tickets_notificaciones_tareas	CONVOCATORIAS
tickets_notificaciones_tareas	CONVOCATORIAS_FECHAS
tickets_notificaciones_tareas	DCAT_CATEGORIAS_NOTIFICACIONES
tickets_notificaciones_tareas	DCAT_TIPOS_FECHAS_CONVOCATORIAS
tickets_notificaciones_tareas	DIRECTORIO
tickets_notificaciones_tareas	NOTIFICACIONES
tickets_notificaciones_tareas	PROYECTOS
tickets_notificaciones_tareas	TAREAS
tickets_notificaciones_tareas	TICKETS
tickets_notificaciones_tareas	TICKETS_DEPARTAMENTOS
